host,account_id,username,email,name,source,url,note
review.opendev.org,,jenkins,,Jenkins,GerrymanderConfig（OpenStack Wiki、Web アーカイブの保存版）,https://web.archive.org/web/20240624040816/https://wiki.openstack.org/wiki/GerrymanderConfig,昔の CI。今の Service Users グループに入っていない
review.opendev.org,,elasticrecheck,,Elastic Recheck,GerrymanderConfig（OpenStack Wiki、Web アーカイブの保存版）,https://web.archive.org/web/20240624040816/https://wiki.openstack.org/wiki/GerrymanderConfig,
review.opendev.org,,launchpadsync,,LaunchpadSync,GerrymanderConfig（OpenStack Wiki、Web アーカイブの保存版）,https://web.archive.org/web/20240624040816/https://wiki.openstack.org/wiki/GerrymanderConfig,
review.opendev.org,,trivial-rebase,,Trivial Rebase,GerrymanderConfig（OpenStack Wiki、Web アーカイブの保存版）,https://web.archive.org/web/20240624040816/https://wiki.openstack.org/wiki/GerrymanderConfig,
chromium-review.googlesource.com,1113489,,v8-autoroll@chromium.org,v8 autoroll,Chromium のビルド基盤のコード（V8 の自動更新の処理）,https://chromium.googlesource.com/chromium/tools/build/+/845935218fed403c0f776dbf4421d896f6593851/scripts/slave/recipes/v8/auto_roll_push.py,このアカウントを作成者・レビュアに指定している
chromium-review.googlesource.com,3533182,,mdb.adservices-enrollment@google.com,adservices-enrollment,chromium/src の OWNERS,https://chromium.googlesource.com/chromium/src/+/HEAD/components/privacy_sandbox/privacy_sandbox_attestations/preload/OWNERS,「For bot updates to …」とこのアカウントを記載
chromium-review.googlesource.com,1526902,,copybot.service@gmail.com,CopyBot Service Account,CopyBot の README,https://chromium.googlesource.com/copybot/+/refs/heads/main/README.md,アカウントとのつながりは投稿の定型文「Tested-by: CopyBot Service Account <copybot.service@gmail.com>」による
chromium-review.googlesource.com,1312627,,copybara-worker-blackhole@google.com,Copybara Service,Copybara の README,https://github.com/google/copybara,アカウントとのつながりは投稿の定型文「This CL was generated by a Copybara workflow.」による
gerrit.libreoffice.org,1002285,weblate,,Weblate,Weblate の公式ドキュメント（コミットする者の名前の既定値が「Weblate」）,https://docs.weblate.org/en/latest/admin/config.html,アカウントとのつながりは投稿の定型文「Translated using Weblate (…)」による
gerrit.libreoffice.org,1002285,weblate,,Weblate,TDF の翻訳の Wiki（Web アーカイブの保存版）,https://web.archive.org/web/20260712190311/https://wiki.documentfoundation.org/Translating_LibreOffice,出どころが 2 つあるため 2 行に分けて書く
